{"cameraMode":{"drawMode":0,"name":"Shaded","section":"Shading Mode"},"sceneLighting":false,"audioPlay":false,"sceneViewState":{"m_AlwaysRefresh":false,"showFog":true,"showSkybox":false,"showFlares":true,"showImageEffects":true,"showParticleSystems":true,"showVisualEffectGraphs":true,"m_FxEnabled":true},"in2DMode":false,"pivot":{"x":-3.9343209266662599,"y":1.8601945638656617,"z":-32.27946853637695},"rotation":{"x":0.0507238507270813,"y":0.1911855936050415,"z":-0.009426889009773732,"w":0.9802203178405762},"size":1.5709563493728638,"orthographic":false}