{"cameraMode":{"drawMode":0,"name":"Shaded","section":"Shading Mode"},"sceneLighting":true,"audioPlay":false,"sceneViewState":{"m_AlwaysRefresh":false,"showFog":true,"showSkybox":true,"showFlares":true,"showImageEffects":true,"showParticleSystems":true,"showVisualEffectGraphs":true,"m_FxEnabled":true},"in2DMode":false,"pivot":{"x":10.238987922668457,"y":2.6968882083892824,"z":60.584293365478519},"rotation":{"x":-0.018388589844107629,"y":-0.9812670350074768,"z":0.13517114520072938,"w":-0.13775746524333955},"size":0.8660253882408142,"orthographic":false}