{"cameraMode":{"drawMode":0,"name":"Shaded","section":"Shading Mode"},"sceneLighting":false,"audioPlay":false,"sceneViewState":{"m_AlwaysRefresh":false,"showFog":true,"showSkybox":false,"showFlares":true,"showImageEffects":true,"showParticleSystems":true,"showVisualEffectGraphs":true,"m_FxEnabled":true},"in2DMode":false,"pivot":{"x":17.857257843017579,"y":1.5175641775131226,"z":57.200992584228519},"rotation":{"x":0.03629383444786072,"y":-0.9458470344543457,"z":0.11130107939243317,"w":0.3035430312156677},"size":1.8390369415283204,"orthographic":false}