{"cameraMode":{"drawMode":0,"name":"Shaded","section":"Shading Mode"},"sceneLighting":false,"audioPlay":false,"sceneViewState":{"m_AlwaysRefresh":false,"showFog":true,"showSkybox":false,"showFlares":true,"showImageEffects":true,"showParticleSystems":true,"showVisualEffectGraphs":true,"m_FxEnabled":true},"in2DMode":false,"pivot":{"x":15.157957077026368,"y":1.1753182411193848,"z":57.02219772338867},"rotation":{"x":-0.024584531784057618,"y":-0.9743494987487793,"z":0.17470170557498933,"w":-0.14131785929203034},"size":1.7804441452026368,"orthographic":false}