{"cameraMode":{"drawMode":0,"name":"Shaded","section":"Shading Mode"},"sceneLighting":true,"audioPlay":false,"sceneViewState":{"m_AlwaysRefresh":false,"showFog":true,"showSkybox":true,"showFlares":true,"showImageEffects":true,"showParticleSystems":true,"showVisualEffectGraphs":true,"m_FxEnabled":true},"in2DMode":false,"pivot":{"x":64.15290069580078,"y":18.01752281188965,"z":159.73431396484376},"rotation":{"x":-0.014773203060030938,"y":0.9357432126998901,"z":0.03994864225387573,"w":0.35026854276657107},"size":6.789287090301514,"orthographic":false}