{"cameraMode":{"drawMode":0,"name":"Shaded","section":"Shading Mode"},"sceneLighting":false,"audioPlay":false,"sceneViewState":{"m_AlwaysRefresh":false,"showFog":true,"showSkybox":false,"showFlares":true,"showImageEffects":true,"showParticleSystems":true,"showVisualEffectGraphs":true,"m_FxEnabled":true},"in2DMode":false,"pivot":{"x":0.0221979022026062,"y":1.1753182411193848,"z":-0.15795662999153138},"rotation":{"x":-0.024584531784057618,"y":-0.9743494987487793,"z":0.17470170557498933,"w":-0.14131785929203034},"size":1.7804443836212159,"orthographic":false}