{"cameraMode":{"drawMode":0,"name":"Shaded","section":"Shading Mode"},"sceneLighting":true,"audioPlay":false,"sceneViewState":{"m_AlwaysRefresh":false,"showFog":true,"showSkybox":true,"showFlares":true,"showImageEffects":true,"showParticleSystems":true,"showVisualEffectGraphs":true,"m_FxEnabled":true},"in2DMode":false,"pivot":{"x":6.817876815795898,"y":0.8860090970993042,"z":51.82602310180664},"rotation":{"x":0.007126739248633385,"y":0.9774153828620911,"z":-0.03375141695141792,"w":0.20889492332935334},"size":7.022587299346924,"orthographic":false}