{"cameraMode":{"drawMode":0,"name":"Shaded","section":"Shading Mode"},"sceneLighting":false,"audioPlay":false,"sceneViewState":{"m_AlwaysRefresh":false,"showFog":true,"showSkybox":false,"showFlares":true,"showImageEffects":true,"showParticleSystems":true,"showVisualEffectGraphs":true,"m_FxEnabled":true},"in2DMode":false,"pivot":{"x":0.04967069625854492,"y":0.010103225708007813,"z":11.624939918518067},"rotation":{"x":-0.009506412781774998,"y":0.8772404193878174,"z":-0.47969162464141848,"w":-0.017406348139047624},"size":14.456661224365235,"orthographic":false}